{"val_loss": 0.4850503206253052, "val_Reconstruction_Loss": 0.4850475490093231, "val_KLD": -2.771435260772705, "_timestamp": 1659413873, "_runtime": 258, "_step": 68, "loss": 0.00519473385065794, "Reconstruction_Loss": 0.0049948012456297874, "KLD": -199.93272399902344}